,Paises,Valor total ($),Porcentaje acumulado
0,China,45210046000,20.960533141211844
1,USA,23646306000,31.923565131496403
2,Japan,20042976000,41.216001212992836
3,France,19930332000,50.45621265629362
4,South Korea,18510146000,59.03798956228638
5,Germany,15593233000,66.26741102925719
6,Russia,14074000000,72.79247723753788
7,Canada,11253000000,78.00965572565659
